max_depth,eta,valor
1,0.3,3.164235431643451
1,0.1,1.3474748253882844
1,0.01,0.7697865992459646
1,0.001,0.7679859864353219
2,0.3,0.8683476547511538
2,0.1,1.0513944667373158
2,0.01,0.7748179917715872
2,0.001,0.7746460635372001
3,0.3,0.8211757030141669
3,0.1,0.8506794871385982
3,0.01,0.7690852461939327
3,0.001,0.7677789582165871
4,0.3,0.8827112526919547
4,0.1,0.7765252835737217
4,0.01,0.7689104739457377
4,0.001,0.7676951103722727
