max_depth,eta,valor
1,0.3,3.1610317329848705
1,0.1,1.3500284927742752
1,0.01,0.7689792426008096
1,0.001,0.7643778007480104
2,0.3,0.8631581135896897
2,0.1,1.0005462611735718
2,0.01,0.7752470678755741
2,0.001,0.7725312491926329
3,0.3,0.7918299935822444
3,0.1,0.8205307761760696
3,0.01,0.761494784890331
3,0.001,0.7602889530932515
4,0.3,0.9051701958885429
4,0.1,0.7757389766069346
4,0.01,0.7607101997763007
4,0.001,0.760845452353934
